date,articles,pastes
2026-08-17,148743,66915
2026-08-18,148841,66944
2026-08-19,149226,67070
2026-08-20,149522,67182
2026-08-21,149857,67307
2026-08-22,150162,67407
2026-08-23,150442,67501
2026-08-24,150678,67570
2026-08-25,150952,67660
2026-08-26,151224,67766
2026-08-27,151689,67952
2026-08-28,151973,68048
2026-08-29,152095,68113
2026-08-30,152282,68162
2026-08-31,152436,68201
2026-09-01,152567,68241
2026-09-02,152733,68263
2026-09-03,152871,68298
2026-09-04,153056,68366
2026-09-05,153258,68475
2026-09-06,153532,68604
2026-09-07,153716,68672
2026-09-08,153919,68738
2026-09-09,154125,68810
2026-09-10,154342,68875
2026-09-11,154517,69004
2026-09-12,154715,69004
2026-09-13,154979,69017
2026-09-14,155169,69093
2026-09-15,155353,69165
2026-09-16,155541,69238
2026-09-17,155697,69321
2026-09-18,155907,69414
2026-09-19,156125,69514
2026-09-20,156252,69544
2026-09-21,156458,69604
2026-09-22,156669,69644
2026-09-23,156953,69715
2026-09-24,157216,69804
